-- phpMyAdmin SQL Dump
-- version 4.0.6deb1
-- http://www.phpmyadmin.net
--
-- Host: localhost
-- Generation Time: Mar 22, 2014 at 01:43 PM
-- Server version: 5.5.35-0ubuntu0.13.10.2
-- PHP Version: 5.5.3-1ubuntu2.2

SET SQL_MODE = "NO_AUTO_VALUE_ON_ZERO";
SET time_zone = "+00:00";


/*!40101 SET @OLD_CHARACTER_SET_CLIENT=@@CHARACTER_SET_CLIENT */;
/*!40101 SET @OLD_CHARACTER_SET_RESULTS=@@CHARACTER_SET_RESULTS */;
/*!40101 SET @OLD_COLLATION_CONNECTION=@@COLLATION_CONNECTION */;
/*!40101 SET NAMES utf8 */;

--
-- Database: `TSA`
--
CREATE DATABASE IF NOT EXISTS `TSA` DEFAULT CHARACTER SET latin1 COLLATE latin1_swedish_ci;
USE `TSA`;

-- --------------------------------------------------------

--
-- Table structure for table `Answers`
--

CREATE TABLE IF NOT EXISTS `Answers` (
  `id` int(11) NOT NULL AUTO_INCREMENT,
  `a_answer` blob,
  `b_answer` blob,
  `c_answer` blob,
  `d_answer` blob,
  PRIMARY KEY (`id`)
) ENGINE=InnoDB  DEFAULT CHARSET=latin1 AUTO_INCREMENT=14 ;

--
-- Dumping data for table `Answers`
--

INSERT INTO `Answers` (`id`, `a_answer`, `b_answer`, `c_answer`, `d_answer`) VALUES
(7, 0x3434363135363639366536333639, 0x3432363136333638, 0x35363631366532303437366636373638, 0x3530363936333631373337333666),
(8, 0x353036313639366537343230363132303730363936333734373537323635, 0x35323635363336663637366536393761363532303734363836353230343137323734, 0x343137303730373236353633363936313734363532303734363836353230343137323734, 0x3433373236393734363937313735363532303734363836353230343137323734),
(9, 0x3465363137343638363136653639363536633230343836313737373436383666373236653635, 0x343836353732366436313665323034643635366337363639366336633635, 0x353137353635363536653230343536633639376136313632363537343638, 0x3461373536633639373537333230343336313635373336313732),
(10, 0x363437353732363936653637, 0x363236353636366637323635, 0x36313636373436353732, 0x36393734323036653635373636353732323036383631373037303635366536353634),
(11, 0x3534366636643230343336633631366536333739, 0x3432363536653639373436663230343336353732363536653666, 0x34383631373237323639363537343230346136313633366636323733, 0x346136313664363537333230353036313734373436353732373336663665),
(12, 0x3532363136633730363832303537363136633634366632303435366436353732373336663665, 0x34373635366637323637363532303537363137333638363936653637373436663665, 0x34383631373237323639363537343230346136313633366636323733, 0x3465363137343638363136653639363536633230343836313737373436383666373236653635),
(13, 0x3532363136633730363832303537363136633634366632303435366436353732373336663665, 0x34373635366637323637363532303537363137333638363936653637373436663665, 0x3534366636643230343336633631366536333739, 0x3465363137343638363136653639363536633230343836313737373436383666373236653635);

-- --------------------------------------------------------

--
-- Table structure for table `Assignments`
--

CREATE TABLE IF NOT EXISTS `Assignments` (
  `id` int(11) NOT NULL AUTO_INCREMENT,
  `name` varchar(255) DEFAULT NULL,
  `description` blob,
  `due_date` date DEFAULT NULL,
  `class_id` int(11) DEFAULT NULL,
  PRIMARY KEY (`id`),
  KEY `class_id` (`class_id`),
  KEY `due_date` (`due_date`)
) ENGINE=InnoDB  DEFAULT CHARSET=latin1 AUTO_INCREMENT=12 ;

--
-- Dumping data for table `Assignments`
--

INSERT INTO `Assignments` (`id`, `name`, `description`, `due_date`, `class_id`) VALUES
(1, 'Starting control structures', 0x5479706520796f757220616e73776572732062656c6f7720616e6420656d61696c206261636b20746f206d652e0a0a31292057686174206973206120636f6e74726f6c207374727563747572653f0a0a322920486f7720646f207468657920776f726b3f0a0a33292044696420796f7520737461727420636f6e74726f6c20737472756374757265733f0a, '2014-06-19', 1),
(2, 'Basics of Art Appreciation', 0x546869732061737369676e6d656e74206973206d65616e7420746f206d616b6520796f752061707072656369617465206172742e0a0a31292046696e6420736f6d65206172742e20417070726563696174652069742e20577269746520612031302d706167652065737361792061626f757420796f757220617070726563696174696f6e2e0a0a3229205468652061626f7665206573736179206d75737420616c736f206265206163636f6d70616e696564207769746820616e206578706572742773206f70696e696f6e206f6e20746865207069656365206f66206172742c20616e6420686f7720746f2070726f7065726c7920617070726563696174652069742e2054686973206d6179206f72206d6179206e6f742062652066696374696f6e616c697a65642e0a, '2014-03-18', 2),
(3, 'Finishing Control Structures', 0x5479706520796f757220616e73776572732062656c6f7720616e6420656d61696c206261636b20746f206d652e0a0a31292057686174206973206120636f6e74726f6c207374727563747572653f0a0a322920486f7720646f207468657920776f726b3f0a0a33292044696420796f7520737461727420636f6e74726f6c20737472756374757265733f0a, '2014-03-25', 1),
(5, 'First Essay', 0x496e20746869732065737361792c204920776f756c64206c696b6520796f7520746f20616e616c797a65207468652077617920696e207768696368204e617468616e69656c2048617774686f726e652773202254686520536361726c657474204c65747465722220637269746971756573205472616e7363656e64656e74616c6973742056696577732e, '2014-10-05', 10),
(6, '2nd Assignment', 0x496e20746869732061737369676e6d656e742c204920776f756c64206c696b6520796f7520746f20616e616c797a65204d797261204a65686c656e27732022486973746f7279204265666f7265207468652046616374222c20617661696c61626c65206f6e204a53544f522e, '2014-11-03', 10),
(8, '3rd Assignment', 0x496e20746869732061737369676e6d656e742c204920776f756c64206c696b6520796f7520746f2073756d6d6172697a652054686520416476656e7475726573206f66204875636b6c6562657272792046696e6e2e, '2014-10-05', 10);

-- --------------------------------------------------------

--
-- Table structure for table `Classes`
--

CREATE TABLE IF NOT EXISTS `Classes` (
  `id` int(11) NOT NULL AUTO_INCREMENT,
  `name` varchar(255) DEFAULT NULL,
  `teacher_id` int(11) DEFAULT NULL,
  PRIMARY KEY (`id`),
  KEY `teacher_id` (`teacher_id`)
) ENGINE=InnoDB  DEFAULT CHARSET=latin1 AUTO_INCREMENT=16 ;

--
-- Dumping data for table `Classes`
--

INSERT INTO `Classes` (`id`, `name`, `teacher_id`) VALUES
(1, 'Computer Science', 4),
(2, 'Art Appreciation', 2),
(10, 'American Studies', 2);

-- --------------------------------------------------------

--
-- Table structure for table `Grades`
--

CREATE TABLE IF NOT EXISTS `Grades` (
  `id` int(11) NOT NULL AUTO_INCREMENT,
  `score` float DEFAULT NULL,
  `student_id` int(11) DEFAULT NULL,
  `assignment_id` int(11) DEFAULT NULL,
  PRIMARY KEY (`id`),
  KEY `student_id` (`student_id`),
  KEY `assignment_id` (`assignment_id`)
) ENGINE=InnoDB  DEFAULT CHARSET=latin1 AUTO_INCREMENT=23 ;

--
-- Dumping data for table `Grades`
--

INSERT INTO `Grades` (`id`, `score`, `student_id`, `assignment_id`) VALUES
(2, 100, 3, 2),
(5, 89, 5, 2),
(11, 94, 1, 5),
(12, 96, 1, 6),
(13, 89, 1, 8),
(14, 95, 6, 5),
(15, 87, 6, 6),
(16, 99, 6, 8),
(17, 97, 1, 1),
(18, 94, 3, 1),
(19, 100, 5, 1),
(20, 96, 1, 3),
(21, 87, 5, 3),
(22, 99, 3, 3);

-- --------------------------------------------------------

--
-- Table structure for table `Messages`
--

CREATE TABLE IF NOT EXISTS `Messages` (
  `id` int(11) NOT NULL AUTO_INCREMENT,
  `message_text` blob NOT NULL,
  `teacher_id` int(11) NOT NULL,
  `class_id` int(11) NOT NULL,
  `time_sent` timestamp NOT NULL DEFAULT CURRENT_TIMESTAMP,
  PRIMARY KEY (`id`)
) ENGINE=InnoDB  DEFAULT CHARSET=latin1 AUTO_INCREMENT=6 ;

--
-- Dumping data for table `Messages`
--

INSERT INTO `Messages` (`id`, `message_text`, `teacher_id`, `class_id`, `time_sent`) VALUES
(1, 0x34373732363536353734363936653637373332303533373437353634363536653734373332633061306134393230363136643230373336353665363436393665363732303734363836393733323036643635373337333631363736353230373436663230373936663735323037343666323036393665363636663732366432303739366637353230363136633663323037343638363137343230373436383635373236353230373736393663366332303632363532303631366532303431373237343230343137303730373236353633363936313734363936663665323036333666366537343635373337343230366536353738373432303737363536353662326532303534363836353230373736393665366536353732323037373639366336633230363736353734323036333638366636333666366336313734363532653061306135343638363136653662323037393666373532633061346437323265323035343635363136333638363537323230346436313665, 2, 2, '2014-03-20 22:59:10'),
(4, 0x34383635366336633666323037333734373536343635366537343733326330613061343932303732363536373732363537343230373436663230363936653636366637323664323037393666373532303734363836313734323037373635323037333638363136633663323036653666373432303632363532303732363536313634363936653637323037343638363532303665363537383734323036323666366636623263323037303635373232303666373537323230363436393733363337353733373336393666366532303639366532303633366336313733373332303734366636643666373237323666373732653061306135343638363136653662323037393666373532633061353936663735373232303534363536313633363836353732, 2, 10, '2014-03-20 23:01:52'),
(5, 0x343836353732363532303639373332303631366536663734363836353732323036643635373337333631363736353230373736383639363336383230343932303631366432303734363537333734363936653637326532303537366636663638366636663231, 2, 10, '2014-03-21 01:26:41');

-- --------------------------------------------------------

--
-- Table structure for table `People`
--

CREATE TABLE IF NOT EXISTS `People` (
  `id` int(11) NOT NULL AUTO_INCREMENT,
  `first_name` varchar(255) NOT NULL,
  `last_name` varchar(255) NOT NULL,
  `IsTeacher` tinyint(1) DEFAULT NULL,
  `username` varchar(250) NOT NULL,
  `password` varchar(250) NOT NULL,
  PRIMARY KEY (`id`)
) ENGINE=InnoDB  DEFAULT CHARSET=latin1 AUTO_INCREMENT=7 ;

--
-- Dumping data for table `People`
--

INSERT INTO `People` (`id`, `first_name`, `last_name`, `IsTeacher`, `username`, `password`) VALUES
(1, 'Kathrine', 'McPhearson', 0, 'kphearson', 'password'),
(2, 'John', 'Scivally', 1, 'jscivally', '1234'),
(3, 'Michael', 'Buble', 0, 'mbuble', 'qwerty'),
(4, 'Jon', 'Morrison', 1, 'jmorrison', 'letmein'),
(5, 'Emanuel', 'Leyton', 0, 'eleyton', 'azerty'),
(6, 'Amanda', 'Glen', 0, 'aglen', 'monkey');

-- --------------------------------------------------------

--
-- Table structure for table `Questions`
--

CREATE TABLE IF NOT EXISTS `Questions` (
  `id` int(11) NOT NULL AUTO_INCREMENT,
  `question` blob,
  `answer_id` int(11) NOT NULL,
  `correct_answer` char(1) NOT NULL,
  `difficulty` int(11) DEFAULT NULL,
  `creator_id` int(11) DEFAULT NULL,
  `topic_id` int(11) DEFAULT NULL,
  PRIMARY KEY (`id`),
  KEY `creator_id` (`creator_id`),
  KEY `topic_id` (`topic_id`),
  KEY `answer_id` (`answer_id`)
) ENGINE=InnoDB  DEFAULT CHARSET=latin1 AUTO_INCREMENT=16 ;

--
-- Dumping data for table `Questions`
--

INSERT INTO `Questions` (`id`, `question`, `answer_id`, `correct_answer`, `difficulty`, `creator_id`, `topic_id`) VALUES
(9, 0x57686f206372656174656420746865207061696e74696e6720546865204c617374205375707065723f, 7, 'A', 2, 2, 2),
(10, 0x5768617420697320746865204669727374205374657020696e207265636f676e697a696e67206172743f, 8, 'B', 3, 2, 2),
(11, 0x57686f207761732074686520777269746572206f662074686520536361726c6574204c65747465723f, 9, 'A', 1, 2, 14),
(12, 0x54686520616e746562656c6c756d20706572696f6420776173205f5f5f5f2074686520436976696c205761723f, 10, 'B', 1, 2, 14),
(13, 0x57686f207761732074686520617574686f72206f6620496e636964656e747320696e20746865204c696665206f66206120536c617665204769726c, 11, 'C', 1, 2, 14),
(14, 0x5768696368206f6620746865736520617574686f727320776173205472616e7363656e64656e74616c6973743f, 12, 'A', 2, 2, 14),
(15, 0x5768696368206f6620746865736520617574686f72732068617665207765206e6f7420737475646965643f, 13, 'C', 2, 2, 14);

-- --------------------------------------------------------

--
-- Table structure for table `Rosters`
--

CREATE TABLE IF NOT EXISTS `Rosters` (
  `id` int(11) NOT NULL AUTO_INCREMENT,
  `people_id` int(11) DEFAULT NULL,
  `class_id` int(11) DEFAULT NULL,
  PRIMARY KEY (`id`),
  KEY `people_id` (`people_id`),
  KEY `class_id` (`class_id`)
) ENGINE=InnoDB  DEFAULT CHARSET=latin1 AUTO_INCREMENT=19 ;

--
-- Dumping data for table `Rosters`
--

INSERT INTO `Rosters` (`id`, `people_id`, `class_id`) VALUES
(1, 1, 1),
(2, 3, 1),
(4, 3, 2),
(5, 5, 1),
(6, 5, 2),
(7, 6, 10),
(12, 1, 10);

-- --------------------------------------------------------

--
-- Table structure for table `Topics`
--

CREATE TABLE IF NOT EXISTS `Topics` (
  `id` int(11) NOT NULL AUTO_INCREMENT,
  `name` varchar(255) DEFAULT NULL,
  `class_id` int(11) NOT NULL,
  PRIMARY KEY (`id`),
  KEY `teacher` (`class_id`)
) ENGINE=InnoDB  DEFAULT CHARSET=latin1 AUTO_INCREMENT=15 ;

--
-- Dumping data for table `Topics`
--

INSERT INTO `Topics` (`id`, `name`, `class_id`) VALUES
(1, 'Flow structures', 1),
(2, 'Recognizing Art', 2),
(3, 'The Antebellum Period', 10),
(6, 'Introduction to HTML', 1),
(9, 'Advanced HTML', 1),
(10, 'Beginning Python', 1),
(11, 'Classical Greek Art', 2),
(13, 'The Adventures of Huckleberry Finn', 10),
(14, 'General Literature', 10);

--
-- Constraints for dumped tables
--

--
-- Constraints for table `Assignments`
--
ALTER TABLE `Assignments`
  ADD CONSTRAINT `Assignments_ibfk_1` FOREIGN KEY (`class_id`) REFERENCES `Classes` (`id`);

--
-- Constraints for table `Classes`
--
ALTER TABLE `Classes`
  ADD CONSTRAINT `Classes_ibfk_1` FOREIGN KEY (`teacher_id`) REFERENCES `People` (`id`);

--
-- Constraints for table `Grades`
--
ALTER TABLE `Grades`
  ADD CONSTRAINT `Grades_ibfk_1` FOREIGN KEY (`student_id`) REFERENCES `People` (`id`),
  ADD CONSTRAINT `Grades_ibfk_2` FOREIGN KEY (`assignment_id`) REFERENCES `Assignments` (`id`);

--
-- Constraints for table `Questions`
--
ALTER TABLE `Questions`
  ADD CONSTRAINT `Questions_ibfk_1` FOREIGN KEY (`creator_id`) REFERENCES `People` (`id`),
  ADD CONSTRAINT `Questions_ibfk_2` FOREIGN KEY (`topic_id`) REFERENCES `Topics` (`id`),
  ADD CONSTRAINT `Questions_ibfk_3` FOREIGN KEY (`answer_id`) REFERENCES `Answers` (`id`);

--
-- Constraints for table `Rosters`
--
ALTER TABLE `Rosters`
  ADD CONSTRAINT `Rosters_ibfk_1` FOREIGN KEY (`people_id`) REFERENCES `People` (`id`),
  ADD CONSTRAINT `Rosters_ibfk_2` FOREIGN KEY (`class_id`) REFERENCES `Classes` (`id`);

--
-- Constraints for table `Topics`
--
ALTER TABLE `Topics`
  ADD CONSTRAINT `Topics_ibfk_1` FOREIGN KEY (`class_id`) REFERENCES `Classes` (`id`);

/*!40101 SET CHARACTER_SET_CLIENT=@OLD_CHARACTER_SET_CLIENT */;
/*!40101 SET CHARACTER_SET_RESULTS=@OLD_CHARACTER_SET_RESULTS */;
/*!40101 SET COLLATION_CONNECTION=@OLD_COLLATION_CONNECTION */;
